{
  "version": 1,
  "author": "Divs Tadinada",
  "editor": "wokwi",
  "parts": [
    { "type": "wokwi-arduino-uno", "id": "uno", "top": 96.6, "left": 9, "attrs": {} },
    { "type": "wokwi-lcd1602", "id": "lcd1", "top": -73.37, "left": 16, "attrs": {} },
    {
      "type": "wokwi-resistor",
      "id": "r1",
      "top": 51.95,
      "left": -57.6,
      "attrs": { "value": "1000" }
    }
  ],
  "connections": [
    [ "lcd1:VSS", "uno:GND.1", "green", [ "v0" ] ],
    [ "lcd1:VDD", "uno:5V", "green", [ "v0" ] ],
    [ "lcd1:RS", "uno:12", "green", [ "v0" ] ],
    [ "lcd1:RW", "uno:GND.1", "green", [ "v0" ] ],
    [ "lcd1:E", "uno:11", "green", [ "v0" ] ],
    [ "lcd1:D4", "uno:10", "green", [ "v0" ] ],
    [ "lcd1:D5", "uno:9", "green", [ "v0" ] ],
    [ "lcd1:D6", "uno:8", "green", [ "v9.6", "h0.2" ] ],
    [ "lcd1:D7", "uno:7", "green", [ "v19.2", "h0.3" ] ],
    [ "r1:2", "lcd1:A", "green", [ "v0" ] ],
    [ "r1:1", "uno:5V", "green", [ "v0" ] ],
    [ "lcd1:K", "uno:GND.1", "green", [ "v0" ] ]
  ],
  "dependencies": {}
}